97,000000	0,400279	-5,531116	-4,827348	27,308459	86,535976	152,656823	196,497475	149,250916	73,025419	-42,652003	34,015421	18,992842	83,863285	268,116847	858,100670	424,263865	0,960778	0,901298	0,912241	0,865645	0,860907	0,836127	1,038291	451,989150	260579,605804	36,608327	922,470033	907,774560	90,403641	1720040340,787368	0,000000
98,000000	1,556601	-6,808043	-11,825696	8,148337	35,031968	85,531188	128,353358	211,651461	233,817479	145,264604	87,626034	-9,331069	-32,356993	-19,056114	-69,107476	133,848447	0,849768	0,855896	0,976195	0,964267	0,843300	0,980151	0,921212	461,969649	274764,439670	36,602440	1007,388250	998,177736	98,170589	1720040340,791334	0,000000
99,000000	3,370456	-4,823242	-15,839759	-9,632685	2,628868	22,121696	79,078556	118,848855	200,064754	467,547889	333,414069	435,419402	229,538876	119,963633	75,574718	13,150077	0,809128	0,904889	0,958677	0,827856	0,934481	0,846194	1,079058	548,574115	241123,215051	36,609011	1079,724283	915,456902	80,961920	1720040340,795332	0,000000
100,000000	4,571660	2,466120	-7,298801	-15,480231	-33,880642	-22,528221	-18,836572	8,759620	66,602049	265,767710	170,846805	575,644695	272,610685	384,514268	315,921815	481,047506	0,959082	0,807478	0,905989	0,922495	0,826338	0,934173	1,073312	516,695390	231726,218341	36,595687	1078,574867	1089,475141	91,775926	1720040340,799334	0,000000
101,000000	6,368933	7,289460	4,568738	-0,525073	-24,252325	-42,138878	-39,187996	-13,605041	-15,629291	-55,810696	38,622115	33,783050	26,635325	151,971675	138,386774	174,272818	0,834599	0,815439	0,913194	0,888072	0,880113	0,830556	1,019569	494,225643	240581,919883	36,596738	901,105632	1006,374437	85,117751	1720040340,803402	0,000000
102,000000	8,262893	14,353151	17,038512	19,973316	18,318967	21,051079	19,515504	19,072559	42,144867	24,507891	-3,843620	52,415880	34,261086	-189,187951	-124,207890	11,397350	0,939938	0,898167	0,925809	0,891869	0,906529	0,972934	0,951248	522,766863	248080,773690	36,592243	1099,519723	1071,615627	93,726672	1720040340,806904	0,000000
103,000000	10,000000	21,405176	34,113210	49,432051	65,091744	76,005028	96,062954	132,578465	123,762519	148,720201	160,905920	201,701396	270,161405	541,885767	376,945249	312,485645	0,896628	0,914421	0,889733	0,890278	0,988622	0,974935	1,033121	499,336676	260107,676976	36,604430	1001,275526	943,299326	99,865799	1720040340,811518	0,000000
104,000000	11,859765	27,577031	49,469143	76,645568	95,748861	143,665727	305,732717	227,267289	202,988314	235,285061	234,002325	338,811080	213,064548	262,979705	191,859438	504,106348	0,807021	0,944409	0,972364	0,945634	0,904136	0,840248	1,024637	472,723019	261584,770261	36,600626	982,850634	1047,426833	91,686686	1720040340,815399	0,000000
105,000000	13,428461	33,953850	62,299668	84,330088	127,445801	146,652655	285,728704	161,594913	168,126859	131,149631	81,419818	85,847762	-59,383648	-74,368660	77,751931	-295,227427	0,929960	0,957180	0,890849	0,937505	0,868791	0,919997	1,050402	471,093609	245598,804605	36,603009	988,962814	970,567278	85,543226	1720040340,819413	0,000000
106,000000	15,434112	39,491706	71,783470	99,679012	105,443686	122,808734	174,473501	51,493512	-21,538489	11,969430	14,058993	-30,707168	-34,280773	106,336345	157,808256	494,901579	0,994691	0,908617	0,832996	0,806243	0,996639	0,907619	1,096012	525,758881	230862,094305	36,598360	1087,780596	923,419313	92,332473	1720040340,823363	0,000000
107,000000	16,612296	44,052787	67,871419	95,968396	85,379588	48,636187	14,604671	-18,688667	-16,510570	36,189510	67,748304	171,309408	240,677537	284,322364	445,532058	363,140952	0,988863	0,953335	0,912970	0,839961	0,875654	0,987238	1,027887	471,481569	246993,544484	36,596741	988,480390	1072,703758	99,981862	1720040340,827369	0,000000
108,000000	18,125176	49,547596	65,476530	62,283035	37,720004	13,314943	-24,969324	2,543979	133,418405	138,630630	237,256242	250,949484	206,072775	137,701605	-22,765182	87,472418	0,900762	0,875919	0,988358	0,969088	0,860535	0,828186	0,973205	476,717652	234009,328625	36,601375	963,436265	1025,436157	83,031577	1720040340,831371	0,000000
109,000000	20,017916	49,007321	63,323701	38,528364	-10,079924	-34,791744	7,809698	88,398320	405,131227	237,118214	411,068443	83,945884	43,542888	-88,738122	100,670221	227,617854	0,812248	0,841043	0,888226	0,952706	0,826471	0,966545	1,009759	492,209361	228721,706269	36,605083	1078,244885	923,749001	96,868737	1720040340,835375	0,000000
110,000000	21,404380	48,070283	48,375834	8,581390	-11,119035	-7,510608	92,833540	200,617925	160,647333	132,896379	-16,787340	-140,608462	16,399888	226,538517	348,338680	406,349745	0,884372	0,919683	0,853672	0,973371	0,818162	0,809345	0,977623	455,198012	263329,563754	36,607197	1036,412499	1015,506857	82,233306	1720040340,839331	0,000000
111,000000	21,955115	45,702793	31,103977	-7,405935	-17,484190	59,873215	157,887758	172,955000	86,974107	-76,825229	-18,740726	130,845570	297,010324	219,391812	273,343267	-186,266321	0,862784	0,882889	0,924858	0,981364	0,907860	0,882397	0,984352	486,718755	271627,932346	36,609110	1064,669144	1007,393629	92,593833	1720040340,843399	0,000000
112,000000	22,304517	40,070791	16,491641	-17,675104	18,974382	103,227898	134,747528	82,091607	-52,888279	-45,960140	181,163638	213,298840	171,756806	-65,451500	26,272474	158,949288	0,998459	0,817267	0,905629	0,854477	0,865387	0,886614	0,939956	515,775432	228670,823968	36,603007	926,855620	956,008606	89,190272	1720040340,847160	0,000000
113,000000	23,544781	35,831927	1,718706	-16,634230	65,932442	160,547108	103,891603	-25,818618	-25,958226	192,162049	211,406421	128,910314	-27,485145	68,945214	530,711576	326,135783	0,963637	0,900149	0,863232	0,853593	0,984742	0,816894	1,063034	481,678669	249954,290097	36,597853	939,564488	1011,357339	80,752661	1720040340,850620	0,000000
114,000000	24,258411	28,315970	-4,488608	9,933794	106,447204	132,491397	1,427739	-5,356597	134,854200	234,350515	110,358901	-115,579081	152,382309	256,309205	253,235282	45,664987	0,949102	0,942937	0,918582	0,949435	0,926521	0,951015	0,967184	464,783000	260224,313871	36,607694	1077,294109	975,899289	86,106512	1720040340,855616	0,000000
115,000000	23,589210	22,137880	-16,835429	33,170453	104,418786	69,989537	-16,270901	64,173375	208,200236	137,458760	-21,429523	68,621063	634,442559	158,159547	-92,173688	86,658109	0,936815	0,958225	0,877605	0,929772	0,974813	0,826249	1,052869	537,468489	244577,237442	36,606113	1009,180581	989,641798	97,545601	1720040340,859332	0,000000
116,000000	24,212310	14,582668	-7,898622	59,488053	116,645875	6,855774	-1,823715	151,903691	149,608439	-52,956661	72,089142	313,839180	172,226078	11,601890	160,186776	215,590124	0,825707	0,858437	0,913301	0,824572	0,894824	0,938411	1,028126	525,448842	272562,893371	36,590422	917,626345	1031,254151	80,992027	1720040340,863399	0,000000
117,000000	23,218629	8,310092	1,310707	78,886456	75,827286	-35,899283	76,322450	209,089374	24,980970	32,907070	244,810193	200,736639	-28,133888	180,885927	199,409252	-47,775923	0,968530	0,972980	0,881649	0,938818	0,974123	0,957772	0,962413	519,952762	260194,608681	36,606513	995,674814	933,387191	85,253973	1720040340,867396	0,000000
118,000000	23,290059	1,948734	11,695182	98,152274	32,720149	-25,824918	137,097380	123,349804	-36,872684	184,673023	258,262710	-6,255234	126,201069	629,384232	36,205705	21,023614	0,811363	0,994133	0,882281	0,879618	0,948666	0,922876	1,008886	533,431210	256352,513028	36,608278	1060,705887	920,629656	88,168706	1720040340,871444	0,000000
119,000000	22,878230	-1,844558	22,659322	90,847624	-8,447906	41,787516	132,628717	-15,203378	44,744259	232,963080	-2,611176	65,311367	308,351816	27,323506	-4,199277	937,178021	0,983372	0,854327	0,988006	0,971938	0,865979	0,889343	0,958160	494,425344	275903,982025	36,601066	1034,016152	1006,975383	92,346637	1720040340,875429	0,000000
120,000000	22,060989	-5,677336	40,916653	71,956570	-25,003362	111,601654	117,749085	-58,263558	187,419010	122,426978	-61,735577	455,324102	121,071737	-53,149036	480,383238	188,763446	0,967531	0,842855	0,826048	0,855972	0,909692	0,801895	0,967823	466,677180	278099,038981	36,595136	1008,222864	1070,983984	92,387796	1720040340,879441	0,000000
121,000000	20,891242	-8,401815	57,625067	50,374756	-20,894946	142,932790	21,459805	27,511175	223,047559	-78,979601	145,445306	459,159115	-52,687391	193,783114	141,223437	-2,746752	0,833886	0,955625	0,856899	0,941486	0,952498	0,941589	0,955061	524,810284	261742,899155	36,595308	1012,362462	1017,912537	86,251065	1720040340,883428	0,000000
122,000000	19,975177	-10,816076	67,294552	25,786498	16,067869	156,914274	-21,983598	137,985862	97,488340	27,849938	320,235701	-26,798532	171,519373	239,328118	50,359280	334,661139	0,866970	0,851725	0,918132	0,891729	0,994593	0,928413	0,904082	478,318633	236770,451141	36,592520	1063,791145	970,992396	89,100725	1720040340,887432	0,000000
123,000000	18,542756	-5,064072	70,597042	0,244975	64,469661	90,521359	7,303895	451,532462	23,646669	142,216692	126,207372	-37,684342	326,897654	-144,042164	333,844355	129,572879	0,918957	0,847233	0,849089	0,861726	0,903451	0,841861	1,038029	465,203510	276323,315127	36,605065	1098,872896	1063,649208	81,061069	1720040340,891437	0,000000
124,000000	17,061818	-4,613931	76,964431	-8,773389	100,535839	20,080823	60,299750	285,283362	-7,875255	480,039842	-14,534266	269,886003	45,227590	119,784355	278,677592	-174,866384	0,869924	0,951482	0,829715	0,946815	0,830769	0,919865	1,060191	467,480496	242659,226380	36,599724	932,646876	1077,030772	89,176274	1720040340,895468	0,000000
125,000000	15,216073	2,813976	62,090371	-11,528132	118,641726	-3,657066	141,106152	59,898675	106,821617	242,368784	9,353340	304,877240	-12,656712	333,623001	90,482032	270,785480	0,860114	0,814752	0,880587	0,840262	0,953837	0,869660	1,000045	516,328142	241326,384678	36,602988	949,750869	1049,903013	90,758698	1720040340,899453	0,000000
126,000000	13,480597	8,346141	57,858955	-6,033454	123,296454	-17,899149	139,425609	9,316626	259,958540	-59,096679	291,521829	2,431851	233,305374	111,317339	161,315654	175,519922	0,865582	0,893240	0,928776	0,974854	0,834984	0,873749	0,946066	455,947472	249154,704362	36,599975	975,855606	1077,240515	99,467564	1720040340,903446	0,000000
127,000000	11,780872	14,664735	42,433489	20,478333	72,243440	8,123182	132,200213	37,930946	183,796305	43,581359	227,128281	-2,795621	351,993373	-28,469889	839,541936	-203,571016	0,923886	0,829029	0,868652	0,806692	0,863930	0,832031	0,961056	482,874838	231662,208447	36,605853	1089,095740	918,671879	96,356565	1720040340,907127	0,000000
128,000000	10,000000	21,475462	26,341354	49,202843	37,813043	79,378740	38,804942	122,202932	49,191843	179,292820	38,999793	224,776357	3,704872	230,315149	-70,713359	284,032341	0,997783	0,974998	0,847432	0,897023	0,884914	0,975577	1,033346	480,357229	246845,442293	36,596735	961,617624	907,906397	84,759301	1720040340,911541	0,000000
129,000000	8,253794	28,562605	9,915075	73,459495	6,342517	144,909561	-19,363050	206,279952	-67,394313	290,584484	41,504980	288,949637	8,683025	186,760887	102,402984	184,870607	0,890962	0,823773	0,922114	0,964097	0,906362	0,858533	1,093534	496,686576	274288,508901	36,595470	1024,720104	1014,954907	87,918953	1720040340,915429	0,000000
130,000000	6,348701	35,963245	2,024144	85,917069	-5,561328	132,098595	-29,198302	161,224961	32,335813	130,259821	122,920656	36,017001	303,526338	-64,522764	433,935594	32,041444	0,982871	0,843749	0,844806	0,834497	0,952173	0,933489	0,902083	541,699973	269533,687331	36,609123	991,468353	947,963817	85,293153	1720040340,919252	0,000000
131,000000	4,553796	39,182296	-12,798400	87,882669	-12,392418	114,995030	51,184244	61,244211	133,296888	-51,328486	658,068809	-5,331920	296,957156	64,261927	130,978218	333,158487	0,901804	0,889836	0,830061	0,912234	0,988951	0,808548	1,017566	482,853016	266590,731783	36,606958	1021,791731	904,820369	87,491328	1720040340,923521	0,000000
132,000000	3,258226	45,970174	-6,448474	94,511205	19,777668	51,378368	144,507197	-61,293352	235,929550	41,405801	289,321511	191,583044	35,424268	254,019083	3,563592	292,351588	0,807761	0,921347	0,848844	0,856738	0,852257	0,814606	0,904488	519,415374	251081,543656	36,603895	914,698284	1095,533788	82,979049	1720040340,927443	0,000000
133,000000	1,405810	46,454123	-9,321620	62,076858	61,158673	-21,878704	166,040989	12,985272	127,597898	146,150504	-70,598609	225,494747	57,139520	136,546901	368,717425	-107,704091	0,958292	0,872599	0,927261	0,957597	0,931573	0,840645	0,963394	452,748879	272275,291583	36,594893	915,299707	1042,265201	95,094665	1720040340,930828	0,000000
134,000000	0,723732	50,284185	-3,165074	38,407119	106,957010	-14,235880	118,530918	92,093329	-4,616863	309,012178	32,675306	97,577074	438,927387	-129,236624	336,585946	412,232598	0,910088	0,941008	0,806262	0,855292	0,934007	0,865372	1,010222	498,603282	232212,301772	36,591687	1055,266214	944,707745	86,813552	1720040340,935703	0,000000
135,000000	-0,891788	49,056960	15,355593	12,643024	115,384649	0,272633	48,266050	202,254488	-3,332020	122,808289	229,132710	39,465823	201,457379	461,424168	-120,666198	845,881370	0,855286	0,850335	0,893827	0,860930	0,904194	0,848541	1,091469	514,861092	262387,086687	36,595602	1016,145344	1076,894471	95,271007	1720040340,939398	0,000000
136,000000	-1,974977	44,861307	28,785705	-16,319388	117,628420	59,892048	-1,444176	178,343656	189,145355	-81,312876	266,086371	126,888890	-61,837615	595,443178	156,832695	-17,167147	0,905753	0,830665	0,902946	0,958793	0,946561	0,880600	0,987110	538,425639	267035,184042	36,605550	981,436706	1054,124168	91,383621	1720040340,943488	0,000000
137,000000	-3,067767	41,078415	46,047950	-7,124410	77,290267	104,375874	-31,395722	82,355063	188,411824	-16,468950	35,641719	287,215046	104,449496	-68,918036	398,360625	158,847249	0,945204	0,957035	0,883833	0,991078	0,887812	0,945570	0,928446	501,929702	257757,845017	36,598144	924,598035	1036,155650	82,926945	1720040340,947466	0,000000
138,000000	-3,745000	35,537459	59,773626	-17,903600	33,740852	167,399970	27,298365	13,284786	208,435890	132,587211	-70,010534	141,159435	324,969846	97,432760	-72,699830	424,609013	0,959547	0,955462	0,823043	0,982422	0,810235	0,867492	0,926217	462,352664	265407,640692	36,594602	1070,955759	985,405436	86,187486	1720040340,951476	0,000000
139,000000	-4,210395	29,070597	67,729086	4,683651	5,493366	140,968345	262,263554	-5,025336	63,826159	264,293104	109,613957	-191,429301	164,557476	354,967567	-15,411274	13,233931	0,874462	0,800432	0,862441	0,821451	0,966892	0,913010	1,031732	510,644404	244335,899358	36,607785	998,789460	939,432128	81,049345	1720040340,955505	0,000000
140,000000	-4,479157	22,108618	67,354733	33,805719	-8,222009	69,369400	306,952956	69,026842	3,554302	123,255895	264,225456	186,899819	-131,655826	215,691513	223,064766	95,305192	0,917528	0,887958	0,972937	0,819163	0,977586	0,882149	0,931728	543,831638	236117,038777	36,596765	1069,656389	980,875958	80,594283	1720040340,959481	0,000000
141,000000	-3,968706	15,158959	67,237220	60,201767	2,430875	18,546182	326,686199	189,207731	41,278281	-86,300591	143,342373	563,503519	93,905712	-44,903028	127,165206	555,505885	0,817449	0,996090	0,954603	0,847139	0,863550	0,824023	0,951045	486,779502	253182,058544	36,597217	953,959542	1019,367091	82,204371	1720040340,963485	0,000000
142,000000	-4,122619	8,818359	66,955903	87,161675	16,913874	-1,051518	66,806543	201,224974	128,746841	48,335484	20,449170	153,965746	231,113525	154,577523	39,307697	-19,673692	0,938793	0,984497	0,869053	0,814199	0,833405	0,811467	1,071173	475,502405	252849,840512	36,597869	1052,492918	993,888557	92,368173	1720040340,967504	0,000000
143,000000	-3,954092	3,631004	54,233316	102,915606	62,118101	-19,202087	-13,572065	120,123656	187,235105	163,386133	43,473205	-24,318528	133,326180	330,394975	565,472057	110,092281	0,855787	0,912255	0,965163	0,981523	0,916065	0,801253	0,949630	503,404943	263532,340631	36,602655	1027,093533	1036,721237	97,543373	1720040340,971488	0,000000
144,000000	-3,049889	-1,539821	36,957710	99,621672	113,047108	37,955180	-38,547601	2,659968	136,556987	220,343835	156,901877	73,027467	-126,212690	40,732425	481,446224	514,775962	0,845881	0,826579	0,861721	0,869445	0,885408	0,916870	1,024382	471,560407	238950,234748	36,608515	1088,221766	1039,759512	99,253481	1720040340,975494	0,000000
145,000000	-1,609481	-8,662529	20,202413	70,318545	114,304853	102,395968	28,436837	-55,746123	-11,841070	136,155695	247,145262	317,634023	149,925367	72,908307	-265,331018	53,215142	0,880195	0,998502	0,876833	0,980599	0,820644	0,906483	0,986120	505,899164	240816,919855	36,601801	1022,399780	981,282796	88,345825	1720040340,979490	0,000000
146,000000	-1,358080	-8,252928	3,820190	53,131811	96,789627	130,016995	125,080928	46,168115	-66,707938	-44,677323	75,273457	195,121945	427,486850	209,718563	154,786251	-52,094276	0,851112	0,998947	0,840524	0,925103	0,893348	0,804141	1,011013	503,578405	228382,322149	36,609687	942,465474	1055,750601	87,240801	1720040340,983493	0,000000
147,000000	0,798859	-8,660494	-1,317766	23,719361	72,393693	136,138732	177,176134	146,459237	81,507269	-3,303250	-20,274655	-58,299580	103,590087	263,104691	315,617702	285,362806	0,827289	0,826478	0,899803	0,999798	0,933830	0,840112	1,066790	455,952896	246919,885933	36,608977	909,951427	984,968200	82,454350	1720040340,987510	0,000000
148,000000	1,674003	-8,657692	-10,419525	2,977426	32,641903	83,395575	150,196188	206,407535	158,882676	152,454129	98,927236	-21,137283	-160,789174	51,048494	-77,468455	149,130658	0,840194	0,856162	0,984615	0,879095	0,941577	0,829627	1,083096	543,063654	233413,752237	36,596823	912,510251	974,004869	94,547724	1720040340,991514	0,000000
149,000000	3,200956	-2,669309	-11,069932	-14,135028	-5,093774	28,402078	75,904838	137,256017	226,141171	461,633063	314,947615	285,397599	168,753965	131,112231	71,348216	63,215489	0,980839	0,821797	0,855510	0,976309	0,867424	0,958581	0,913299	454,758641	229958,624858	36,600179	1089,984738	1007,677629	93,338312	1720040340,995441	0,000000
150,000000	4,664054	0,585536	-11,057070	-23,236325	-22,637426	-27,899302	1,306127	37,332838	63,214063	243,330731	179,752670	320,164364	235,639721	239,245134	225,380674	675,488174	0,830396	0,852935	0,916219	0,921035	0,959819	0,930805	1,008693	524,210140	248678,092741	36,597525	1092,269421	904,302446	99,621997	1720040340,999528	0,000000
151,000000	6,530499	6,701798	4,657587	2,796366	-4,334007	-38,621108	-45,232211	-76,210682	14,646257	-52,381439	0,806330	-2,632203	59,293759	95,626376	129,052012	330,933541	0,926970	0,897675	0,832847	0,951194	0,970782	0,962221	0,986675	496,621644	271257,048359	36,609879	1018,662163	924,784980	99,603529	1720040341,003515	0,000000
152,000000	8,251300	13,839615	17,322525	18,484134	24,574521	14,055493	19,143016	5,349434	-23,213905	20,273743	27,876063	22,803268	-68,219221	-92,552891	32,941490	60,280809	0,938662	0,864797	0,807825	0,823181	0,860436	0,836334	0,924067	514,778663	252570,962539	36,606902	1001,581889	1012,218510	94,686615	1720040341,007240	0,000000
153,000000	10,000000	21,314597	34,561602	47,421149	63,452351	76,651794	92,220126	119,966173	130,902703	188,241413	319,924000	204,857846	468,180734	531,287155	212,609646	306,780308	0,890662	0,907341	0,816682	0,822966	0,864725	0,933424	1,008758	452,591011	262162,672770	36,593012	947,535883	1037,014482	90,797272	1720040341,011290	0,000000
154,000000	11,728373	28,303031	48,985031	75,944293	99,428781	113,406584	158,483810	350,290615	182,946822	297,878384	516,100361	304,594947	343,002839	593,982733	329,089710	189,732575	0,806565	0,951036	0,825727	0,892197	0,952741	0,808242	1,073858	540,324254	252176,573381	36,601943	946,597262	1097,953844	82,559212	1720040341,015569	0,000000
155,000000	13,548815	33,790931	58,632291	81,829807	136,966730	124,497877	176,846228	321,093965	156,810507	122,832682	179,851358	91,080893	-56,755602	-105,139871	-42,088280	-116,823961	0,845372	0,866320	0,938152	0,865000	0,950493	0,899110	0,920827	535,009692	267099,742901	36,601713	1023,259030	1043,333086	91,976039	1720040341,019189	0,000000
156,000000	15,234660	41,228780	64,383373	87,984750	110,050102	105,560458	90,964444	113,760806	0,101093	-32,530769	-53,535721	5,359847	69,356728	29,828458	175,146703	336,706664	0,863762	0,805668	0,894813	0,955483	0,987483	0,914550	0,915634	491,225549	259358,903751	36,593331	964,326000	919,717960	83,714083	1720040341,023606	0,000000
157,000000	16,972461	46,162391	68,444645	92,052960	82,555216	51,235842	14,738855	-39,367299	-1,889677	16,649466	75,692942	190,898857	214,553067	360,914488	211,819035	348,189161	0,858609	0,916436	0,867578	0,962521	0,942879	0,842195	1,008011	541,662772	273405,984278	36,603611	1074,005412	918,649881	91,722172	1720040341,027499	0,000000
158,000000	18,352766	46,110651	68,599903	70,203299	33,736831	-5,562192	1,660226	18,861609	61,441665	146,195000	225,002391	245,445179	220,041528	134,103282	69,451435	93,008963	0,987032	0,853642	0,924231	0,996215	0,892227	0,951021	1,049817	540,251923	273737,456341	36,593901	905,276403	1012,644839	91,499356	1720040341,031527	0,000000
159,000000	19,967330	47,226398	63,030931	38,831464	-14,250177	-24,711396	1,637072	87,427972	157,802504	255,266274	221,683430	182,425241	-41,590469	-129,616530	118,990377	238,207600	0,901188	0,838338	0,811561	0,839629	0,834421	0,974492	1,096403	513,289275	271641,498743	36,606961	1001,868323	913,065960	91,817932	1720040341,035054	0,000000
160,000000	21,301097	44,736830	48,307241	14,691814	-20,603729	-14,042307	83,637329	141,276962	243,285811	126,030852	33,374135	-14,415331	81,103023	256,811405	680,591043	404,615035	0,908298	0,841736	0,911037	0,937805	0,869030	0,847775	1,017902	474,395414	245203,282756	36,605099	1080,882371	988,555961	91,268946	1720040341,039655	0,000000
161,000000	22,413849	46,124595	31,146661	-9,152784	-1,651370	59,880992	145,119463	140,318726	159,528174	-35,115130	-20,646561	258,671902	255,098333	308,127940	257,368184	19,569412	0,873302	0,846174	0,975243	0,989084	0,881814	0,896310	1,001095	464,275789	237364,030102	36,593431	908,092633	1038,438951	83,392121	1720040341,043470	0,000000
162,000000	22,195607	38,958516	13,235844	-5,545777	27,068357	117,593398	133,268170	83,609755	-28,022315	-10,426624	193,447051	384,071744	195,020239	60,421252	-14,083276	158,812197	0,971227	0,963267	0,965387	0,803852	0,851687	0,855770	1,086059	468,153259	249505,822693	36,599404	1030,024625	1016,879602	87,651512	1720040341,047511	0,000000
163,000000	23,470356	35,925702	1,058200	-3,987198	63,311520	142,282078	95,001043	-17,632901	13,774142	158,864548	337,763629	133,965101	39,534530	43,384179	286,789394	457,724490	0,925487	0,903022	0,978538	0,903072	0,863685	0,889565	0,946428	468,297687	235483,016389	36,608860	932,793919	1059,485459	98,647989	1720040341,051546	0,000000
164,000000	24,328480	29,726600	-11,880076	1,844382	103,506478	127,038657	17,418750	-23,038158	113,235777	303,709514	110,434402	-76,661922	81,420232	303,167316	318,035396	96,854970	0,882762	0,893484	0,990011	0,872201	0,905926	0,966779	1,003144	506,184065	247998,761901	36,599010	907,814526	1011,793777	96,898518	1720040341,055539	0,000000
165,000000	24,560748	22,312876	-17,798706	35,258188	117,827197	71,072667	-16,795682	68,690537	202,491412	123,312382	-119,047915	69,407844	269,754827	210,793551	-134,376049	235,337522	0,874131	0,887174	0,987186	0,948245	0,882498	0,831845	1,063380	492,534471	261583,627547	36,609066	1014,403866	1075,640694	84,475886	1720040341,059544	0,000000
166,000000	24,538461	14,806247	-16,554168	65,999867	101,813480	5,128127	20,602562	136,464677	158,362604	-48,684893	20,680363	213,773999	160,960694	-8,838061	170,796487	536,979563	0,939593	0,862945	0,906512	0,983010	0,830409	0,901906	0,919127	503,627811	269341,719740	36,593711	1077,136100	933,365212	93,496222	1720040341,063552	0,000000
167,000000	23,861688	7,739512	-7,801556	80,156566	81,993889	-25,009695	73,305350	167,808717	27,667329	-31,971569	212,359553	195,818624	-104,678772	162,888924	327,154742	77,162460	0,966379	0,829269	0,812634	0,861465	0,947228	0,911486	0,918728	489,031483	229896,749623	36,604084	970,004307	940,070924	86,878341	1720040341,067580	0,000000
168,000000	22,945525	1,533909	6,008555	91,422006	33,598659	-17,895438	147,888211	106,404288	-86,612842	177,077258	205,053210	-120,013240	126,238853	336,954964	8,483162	12,836742	0,855902	0,994002	0,876750	0,898826	0,813452	0,942352	0,987493	504,682708	239581,264975	36,608850	1090,833184	1008,247260	81,238473	1720040341,071571	0,000000
169,000000	22,484476	-1,830745	23,505916	91,728165	2,646038	35,660974	143,267575	6,267492	41,638071	240,940735	68,614290	54,298522	349,816467	96,696816	-7,328135	424,248207	0,944893	0,858414	0,976136	0,907821	0,938284	0,977273	1,078132	479,202141	259002,926358	36,592783	992,219323	1025,661786	86,596138	1720040341,075380	0,000000
170,000000	22,304291	-7,195871	40,899947	80,471805	-26,621937	101,270263	115,673157	9,711967	176,400394	127,140546	-16,690008	214,012515	234,774820	-46,416687	441,814702	92,965592	0,807180	0,985052	0,908927	0,910666	0,925345	0,812745	0,974026	545,092261	253113,093586	36,599509	1015,292936	960,784164	81,359202	1720040341,079654	0,000000
171,000000	21,007411	-8,254033	50,719460	51,057521	2,023111	124,127596	29,699024	30,640137	201,655452	-81,059368	148,594203	169,090906	-83,420079	492,968733	129,150524	120,549221	0,858059	0,991672	0,826384	0,971540	0,909565	0,827183	1,052637	545,244851	242075,698369	36,591406	1058,159749	1036,558027	80,232486	1720040341,083536	0,000000
172,000000	19,373656	-10,678093	68,363602	24,767046	21,480810	155,080963	-33,672554	160,101716	102,432216	45,268893	244,761771	-14,176014	341,031987	168,499002	-96,334867	383,873755	0,821763	0,894239	0,853282	0,945857	0,965085	0,935445	1,093630	470,458040	272414,832118	36,600109	971,400823	1065,010589	81,257438	1720040341,087554	0,000000
173,000000	18,069313	-4,235403	76,705907	4,236814	65,122068	85,827647	-20,302710	155,564303	-53,921908	141,870890	126,529611	-45,785682	324,084157	-54,982679	185,897072	131,243165	0,874785	0,903787	0,855215	0,866416	0,818396	0,817843	0,926646	476,134103	268263,999088	36,591733	1036,339842	968,215371	87,966083	1720040341,091534	0,000000
174,000000	16,903630	-1,172602	77,185667	-20,437966	102,155552	34,633867	127,267256	158,863984	-25,999008	532,547645	-103,293653	182,604711	103,847875	125,410096	296,040635	-92,177488	0,839155	0,842697	0,968653	0,982051	0,971845	0,961983	0,922952	457,183083	266598,626281	36,593701	938,397610	1019,622757	81,506923	1720040341,095574	0,000000
175,000000	15,127948	0,437658	69,227286	-18,530588	116,346645	-11,985432	309,185144	23,457096	102,710842	265,026044	84,681146	236,475671	-10,030976	386,988013	-140,139221	335,416613	0,829644	0,926602	0,974118	0,891494	0,817713	0,957322	0,977780	549,025171	276271,511923	36,608690	1087,613982	980,342082	80,123439	1720040341,099557	0,000000
176,000000	13,561419	6,743339	59,279183	-0,594376	118,807770	-22,259412	363,508449	-27,801595	242,208729	-51,766387	417,559273	-21,862118	243,180991	101,492913	333,441779	194,758017	0,874781	0,894765	0,965351	0,845941	0,929837	0,992639	0,929516	464,221259	242312,363845	36,595575	963,456104	966,776843	96,134356	1720040341,103534	0,000000
177,000000	11,769417	14,502603	41,132397	19,719987	83,828975	21,729647	135,188488	19,545931	163,112046	44,893176	475,724564	-86,609737	309,138725	-95,882100	791,351285	92,000348	0,821479	0,896325	0,830269	0,894285	0,809533	0,835111	1,067502	510,576421	252493,383729	36,596893	934,323149	928,756282	81,561757	1720040341,107572	0,000000
178,000000	10,000000	21,398946	26,113041	49,850798	33,164231	75,292349	39,662008	107,968136	44,430096	156,675980	55,661310	202,909747	50,812106	278,877141	-87,574792	340,747886	0,916067	0,970426	0,819166	0,867684	0,846363	0,822187	0,917189	513,654257	238947,845105	36,602587	994,609774	924,502970	87,580621	1720040341,111594	0,000000
179,000000	8,263541	28,505207	11,581477	74,380568	3,450232	120,287492	-5,932872	164,024316	-62,485876	189,287174	-5,703600	552,310207	-98,568374	297,401615	-4,892410	484,713224	0,991219	0,925680	0,948318	0,925970	0,964099	0,805092	1,064345	468,837388	247495,708856	36,606752	934,083549	1077,796205	84,849986	1720040341,115573	0,000000
180,000000	6,490568	33,468306	0,954397	100,821366	-32,532219	130,272905	-3,480117	179,826410	6,098865	125,880233	122,424152	95,831712	278,871424	-98,492138	445,964465	-150,752876	0,898884	0,996002	0,976788	0,915542	0,964803	0,897145	0,929346	529,090802	277504,936328	36,592193	984,349062	1086,074457	90,712440	1720040341,119553	0,000000
181,000000	5,032792	41,296541	-10,525468	88,398868	-22,594187	103,256205	44,693904	52,379512	186,673263	-13,134666	215,037174	-97,433553	241,522074	36,260149	142,571763	632,545051	0,989495	0,910513	0,896402	0,922783	0,938475	0,855825	0,929721	482,296856	261664,603103	36,592397	996,622953	968,308415	86,170910	1720040341,123584	0,000000
182,000000	3,041525	42,255694	-17,186615	83,233398	27,809839	51,929974	144,691539	-20,418126	234,452659	18,158784	165,126427	175,357137	-69,404371	384,869716	-125,406214	193,947470	0,994442	0,869332	0,898952	0,824950	0,883325	0,807202	0,989788	469,832458	263873,836495	36,590452	939,945600	1016,417525	89,616150	1720040341,127578	0,000000
183,000000	1,427474	47,701251	-6,524209	65,204688	64,429076	-1,698414	165,728979	-18,709942	112,110361	153,350807	13,818041	189,793076	7,259578	133,612099	254,161647	-60,891363	0,828353	0,922413	0,800025	0,802643	0,966021	0,880757	1,035703	478,119342	258197,183580	36,593278	991,669428	973,834538	97,815020	1720040341,130861	0,000000
184,000000	0,166483	46,876324	-1,084356	38,782776	95,659805	-40,732725	155,815884	92,849850	-12,482520	214,319930	-29,075256	77,028418	183,360305	-181,498438	249,078842	228,984192	0,861131	0,804181	0,853659	0,840741	0,930248	0,860328	0,945652	516,045326	237205,891803	36,590310	1029,867646	1079,434154	81,909659	1720040341,135497	0,000000
185,000000	-0,643583	44,930073	12,120027	14,047991	103,288281	-8,666863	48,943180	313,838268	-16,408177	118,030971	178,523861	-113,558091	277,704291	209,170382	64,256919	452,490166	0,960021	0,874506	0,801861	0,938708	0,803632	0,852135	0,977169	492,390929	253923,319552	36,599675	1060,986527	959,023659	85,915792	1720040341,139437	0,000000
186,000000	-1,637620	45,734810	29,034052	-9,717403	114,660580	59,876888	-18,255801	347,762804	92,707547	-28,322414	310,057148	126,053203	-67,141905	616,942455	165,996239	98,466360	0,810302	0,821737	0,930851	0,852590	0,946747	0,921171	1,075453	537,930955	271809,528750	36,598501	1088,162701	985,160414	99,795101	1720040341,143603	0,000000
187,000000	-2,872891	39,591598	45,930111	-26,919959	75,918819	105,224949	-25,673331	167,837147	220,275769	-6,102411	44,886116	218,723658	98,549880	-65,612143	440,957153	158,533455	0,983458	0,928827	0,812912	0,987972	0,839765	0,988453	0,905362	512,982813	252971,625889	36,592408	910,985189	995,582204	97,995878	1720040341,147070	0,000000
188,000000	-3,582961	36,017470	59,036048	-11,213527	33,039585	137,747989	26,947204	5,321349	382,414159	154,830265	21,009474	126,925744	325,438405	-14,271779	-80,913762	234,017072	0,911459	0,824909	0,932955	0,899056	0,889973	0,849556	0,903840	495,840819	269748,707832	36,598313	1078,094937	1046,326913	93,741081	1720040341,151320	0,000000
189,000000	-3,813838	29,937443	69,488716	6,856919	-7,693562	123,349907	139,586935	-19,761954	124,787975	172,962615	109,714304	-29,319226	334,468432	405,487210	54,859072	47,730453	0,894442	0,944399	0,946913	0,865183	0,838465	0,868149	1,043881	455,816320	245731,514670	36,591353	926,338930	1002,490871	94,050012	1720040341,155664	0,000000
190,000000	-3,694443	22,310604	68,187617	35,277826	-12,772015	68,206178	142,040353	62,368951	-84,252481	134,638653	343,651270	99,983565	-117,270823	160,677012	324,553927	147,340376	0,956310	0,800509	0,831939	0,865698	0,910097	0,802608	1,085386	492,291426	269644,696601	36,608707	1038,115698	957,980835	85,458300	1720040341,159572	0,000000
191,000000	-4,605285	15,277528	70,101235	59,267452	3,686507	13,002287	120,636162	135,908726	17,518940	-47,252466	194,556311	249,854474	193,383217	-145,670607	288,715214	205,454963	0,955949	0,864286	0,805916	0,898548	0,924544	0,946308	1,095363	514,157657	267354,206846	36,592899	1083,851152	923,781015	84,604035	1720040341,163602	0,000000
192,000000	-3,821723	8,541101	62,893453	82,698054	22,862559	-22,568090	64,788504	173,771850	168,128224	-4,912877	8,204172	202,866008	360,905358	187,212839	-208,461725	-56,597213	0,893074	0,980427	0,871997	0,909298	0,940503	0,801646	1,010623	511,443872	264718,987214	36,605994	901,359507	1060,985225	86,487192	1720040341,167561	0,000000
193,000000	-3,912533	3,521123	49,421679	84,911984	62,274891	-25,666164	10,498688	110,621489	240,120016	187,285465	-21,254178	57,142667	136,972318	283,135003	649,900145	104,508694	0,917868	0,938385	0,853425	0,828313	0,839006	0,873148	0,957224	488,777267	250108,336423	36,602327	987,082953	953,057298	97,040925	1720040341,170904	0,000000
194,000000	-2,339485	-2,923337	37,009041	98,686555	99,549388	36,532222	2,191429	7,078529	118,533029	292,463687	173,770530	3,510503	-151,896331	69,850422	334,659059	951,094092	0,954782	0,967345	0,975454	0,806849	0,817428	0,808673	1,047308	500,457259	233533,808229	36,603524	1041,442102	1077,485201	96,662450	1720040341,175788	0,000000
195,000000	-1,714932	-6,348924	21,333957	77,998461	109,933599	105,424903	19,027844	-33,819499	-18,369963	131,760397	326,849584	350,690537	136,923079	57,771677	-158,937518	147,758465	0,847309	0,949029	0,971761	0,959883	0,987973	0,993293	0,969713	481,324749	257379,485203	36,594910	994,607070	1012,453814	87,128099	1720040341,179566	0,000000
196,000000	-1,229843	-6,720755	7,371942	51,894711	120,348732	142,814758	98,912714	23,285764	-31,021961	-85,381339	64,611913	182,269119	292,190094	266,622866	155,605735	11,001487	0,961452	0,861972	0,923756	0,801012	0,974774	0,989179	1,050882	451,933881	260135,117760	36,595044	985,522434	919,162298	81,530056	1720040341,183499	0,000000
197,000000	-0,045214	-8,537464	-2,901648	25,823057	78,656025	116,879939	168,992192	130,640883	78,644599	26,530056	-123,938636	12,843080	99,482348	274,360448	348,126874	481,635000	0,813202	0,883299	0,846771	0,882572	0,964756	0,908828	0,922299	533,915827	246029,270715	36,603424	1044,784145	942,096427	84,618551	1720040341,187664	0,000000
198,000000	1,745506	-7,395761	-7,202533	6,882731	36,266790	95,392280	125,605826	159,800281	235,505054	154,940867	192,177773	12,544600	-77,603998	24,744702	-42,604158	130,480397	0,844953	0,860338	0,871517	0,944129	0,991962	0,893452	0,976633	466,571663	272641,264877	36,600611	985,946626	900,057377	92,439094	1720040341,191625	0,000000
199,000000	2,892153	-3,112696	-9,298850	-16,664679	6,989166	34,455276	75,413176	121,766038	236,213781	492,882224	523,649069	461,976877	202,591429	105,611107	56,586078	48,284868	0,867158	0,908440	0,835645	0,899126	0,915266	0,892239	1,008550	524,347907	276147,408508	36,600511	913,482871	931,646073	98,571415	1720040341,195588	0,000000
200,000000	4,658931	0,475853	-8,352396	-23,851760	-3,134753	-30,638119	-13,524239	9,493300	77,827554	258,653803	175,124590	572,191445	398,456395	469,858827	221,975971	296,978861	0,891574	0,876500	0,930690	0,912409	0,805218	0,904056	0,914360	525,075518	266644,593222	36,602775	961,548537	956,193884	98,768059	1720040341,199616	0,000000
201,000000	6,330887	7,712500	5,767416	1,916978	-12,110786	-7,014484	-52,568693	-65,890382	-7,966249	-46,976453	-30,511992	73,418067	87,691038	80,241962	142,913529	176,969415	0,826149	0,978480	0,986061	0,863193	0,947028	0,837797	1,087584	494,427755	232645,084186	36,594974	1044,756095	964,480374	97,436406	1720040341,202858	0,000000
202,000000	8,245228	14,386543	19,594424	22,110966	22,907485	14,533686	28,669072	15,576795	34,431661	44,616289	-67,718822	48,536430	11,155173	-48,938256	77,370492	-81,358329	0,805005	0,933738	0,821024	0,815787	0,938606	0,889157	1,057171	465,473671	244268,896605	36,608299	1031,794258	945,022050	95,593823	1720040341,207847	0,000000
203,000000	10,000000	21,357477	34,768738	47,834764	62,527926	84,686474	100,118872	125,187239	136,495147	141,083657	204,555578	241,956499	300,446015	479,158980	300,097399	293,692838	0,949355	0,867041	0,902491	0,868092	0,851628	0,900046	0,915696	499,223386	276087,588017	36,601680	1049,553849	1048,675198	95,227661	1720040341,211676	0,000000
204,000000	11,767626	28,332060	51,977180	69,212058	112,830852	134,220149	178,349460	166,399543	257,822587	276,324684	204,609747	356,756793	248,319236	601,640791	254,161524	286,979650	0,868901	0,823845	0,910719	0,974253	0,988575	0,939901	0,954169	546,107755	244271,469326	36,607885	1096,217423	972,544831	82,093584	1720040341,215623	0,000000
205,000000	13,617857	34,364683	64,591559	84,514574	114,258198	133,952845	163,060905	143,681519	174,305430	118,947584	81,081231	72,869576	-38,472217	-169,344270	-195,253555	98,490425	0,903733	0,978905	0,961922	0,826373	0,956559	0,862216	1,042206	461,432033	266962,646965	36,600041	950,911337	1045,196032	91,625636	1720040341,219683	0,000000
206,000000	15,200856	38,764141	74,293293	105,138586	125,407433	99,135391	88,807997	53,695057	23,283822	-50,099324	-118,022373	-25,508355	59,415813	47,804594	157,058450	202,113840	0,815227	0,912857	0,943687	0,923899	0,922476	0,970005	0,982260	479,297665	243788,895995	36,601824	990,265255	982,241727	84,641220	1720040341,223625	0,000000
207,000000	16,630496	45,671288	66,797203	95,056758	76,396110	49,178329	-0,272740	3,264603	-37,547240	33,797399	55,189719	189,179174	228,443904	334,011586	700,116412	326,843215	0,934432	0,893043	0,974297	0,916155	0,962004	0,990634	1,048477	501,466594	238810,625176	36,595611	954,222211	916,975592	99,937767	1720040341,227628	0,000000
208,000000	17,973258	46,327464	63,961828	69,597789	35,712173	-19,513135	-1,520142	-5,380519	72,375664	166,536974	278,312210	359,744622	472,726113	137,350496	106,853676	4,390352	0,995128	0,817494	0,855923	0,817147	0,971421	0,929682	0,939893	547,568528	275190,236634	36,608238	993,503181	1041,292934	80,463624	1720040341,231646	0,000000
209,000000	19,569880	46,290844	62,007195	38,638089	3,222353	-12,847547	-6,602207	93,926766	158,330472	195,732987	224,967221	90,817404	-67,297108	-96,891892	95,099341	439,004500	0,960702	0,886518	0,912950	0,941753	0,809574	0,877166	0,909243	485,665001	247860,467129	36,609795	976,909122	953,887086	92,012678	1720040341,235652	0,000000
210,000000	20,814134	49,769310	47,976608	7,575331	-34,307436	11,161047	186,715880	218,848466	246,233734	121,816565	52,778564	30,235905	43,549883	164,409856	325,331308	736,791011	0,919247	0,954333	0,802077	0,835667	0,959791	0,984738	0,952623	485,900613	243091,071878	36,590390	1034,369519	987,711073	94,754326	1720040341,239652	0,000000
211,000000	22,310976	44,327467	31,201021	-5,630632	-22,904833	59,884367	351,854102	172,089511	87,012336	-73,803440	-51,802863	123,261589	364,904503	297,520035	139,858908	-185,873492	0,885891	0,959008	0,845774	0,937116	0,883554	0,945227	0,922916	496,752696	257320,411462	36,590535	995,768302	993,224405	93,837713	1720040341,243677	0,000000
212,000000	22,798144	39,601036	16,151440	-25,542687	18,192483	122,066422	161,652747	82,371008	-15,699225	18,938029	161,433279	235,672924	163,564366	-77,233054	8,446851	159,051159	0,959466	0,902632	0,957314	0,856874	0,800538	0,816612	0,955102	507,208490	274774,695668	36,598723	934,687144	1039,393436	90,231515	1720040341,247645	0,000000
213,000000	23,887939	35,693737	4,405194	-16,105495	64,672609	163,457176	92,243845	19,783228	2,984832	159,319154	247,133397	133,833206	56,010921	8,732640	266,103549	287,747575	0,913246	0,819776	0,998648	0,871378	0,942214	0,806483	0,929311	543,833687	230810,243505	36,593545	1067,645455	1079,964215	97,509614	1720040341,251654	0,000000
214,000000	24,103854	28,540330	-8,156886	4,026764	108,288531	125,062563	25,478178	-56,746344	119,031856	280,452319	110,189325	30,181455	96,464790	376,899159	336,527002	83,534615	0,998105	0,963648	0,828050	0,893352	0,875972	0,929610	1,009793	528,830018	236051,462236	36,592504	1064,648766	937,499449	91,407863	1720040341,255653	0,000000
215,000000	24,083283	21,952768	-16,282043	35,215427	103,891824	68,118763	-61,990627	69,405318	402,225183	128,645098	-97,600091	75,198615	250,848724	169,609081	-80,936295	94,029623	0,901312	0,921496	0,905473	0,999586	0,929231	0,867157	1,060298	503,215183	247583,968484	36,602556	1059,095631	1046,318161	90,989812	1720040341,259663	0,000000
216,000000	24,696605	15,443252	-14,731604	65,731591	108,828608	19,460826	5,394820	323,539830	263,246369	-13,218335	50,857233	260,885730	172,807191	-183,424223	168,818998	214,722523	0,991871	0,809610	0,806567	0,866114	0,941194	0,863416	1,067448	509,456195	228289,668234	36,597569	987,988918	1043,045898	93,052181	1720040341,263658	0,000000
217,000000	23,988967	8,404071	-6,657822	89,985116	80,510386	-8,728095	75,107372	426,202540	77,554890	-13,002417	220,608691	176,502033	-9,470913	156,365103	375,513026	126,746303	0,925681	0,993943	0,937907	0,928848	0,950720	0,879038	0,939333	468,276387	269182,767043	36,608056	992,992093	998,446482	91,617464	1720040341,267657	0,000000
218,000000	23,231463	1,446120	6,403546	88,645228	36,706308	-28,810961	124,103675	208,824123	-8,072944	174,393189	192,929301	-89,907009	121,732570	264,314469	-83,109802	103,850852	0,892373	0,972301	0,962105	0,986562	0,969056	0,800390	1,026685	516,436859	233831,175078	36,603161	1033,737192	1056,026805	97,218931	1720040341,271673	0,000000
219,000000	22,857639	-4,220612	22,791365	91,104734	-9,330954	43,082562	146,483061	1,235547	34,056455	268,537152	-8,324997	103,829076	308,246387	-13,497970	94,169715	380,733338	0,933671	0,887149	0,901592	0,893713	0,992903	0,810202	1,000635	457,987625	275384,221490	36,608175	1055,234157	1060,479039	99,587488	1720040341,275697	0,000000
220,000000	22,424488	-4,182551	40,804948	83,868576	-28,449919	92,154174	122,816757	-7,231641	189,649677	118,518821	-89,309279	580,382104	106,498081	19,817011	383,003858	17,557042	0,878364	0,964677	0,871045	0,820763	0,889571	0,991833	1,095259	524,436120	243864,192109	36,596235	1014,993459	1078,047653	88,242832	1720040341,279652	0,000000
221,000000	21,405706	-8,771181	51,006634	50,507471	-3,442621	142,058580	41,825761	22,333474	192,064618	0,436502	332,758067	449,124598	-11,556678	582,520823	127,657064	-24,386364	0,843317	0,911393	0,998856	0,956045	0,861419	0,864519	1,014013	509,850874	237040,779419	36,598827	936,089517	1010,482598	92,692541	1720040341,283672	0,000000
222,000000	19,378283	-7,034658	70,417835	25,090763	26,320457	120,681192	-57,901569	124,272022	103,454111	42,299519	251,431876	46,905711	148,012803	499,866026	-181,375157	412,080057	0,988822	0,936902	0,829456	0,877350	0,853230	0,828591	1,041857	548,463515	244513,279833	36,595856	916,927803	977,925228	99,125251	1720040341,287663	0,000000
223,000000	18,132041	-4,428424	65,512569	-1,264343	64,580581	85,195064	-9,455813	208,205911	24,470913	163,937076	135,413914	-17,226907	303,838154	65,727461	588,109495	151,015020	0,831599	0,944467	0,948081	0,966143	0,916540	0,871335	1,032964	541,049053	275746,257665	36,591416	1045,668521	1078,140204	85,719917	1720040341,291674	0,000000
224,000000	16,777294	-5,155525	76,610486	-9,342651	97,236881	22,406548	63,024407	130,465953	30,733936	461,798600	-92,228815	192,007883	33,201224	118,449973	488,698103	-93,908750	0,996423	0,978065	0,899444	0,965626	0,927800	0,842742	1,067385	482,113551	238042,643801	36,592251	1063,227769	920,288876	85,934205	1720040341,295675	0,000000
225,000000	15,457051	0,887842	68,615796	-19,624928	113,134920	-28,420860	159,076749	32,512520	102,465642	251,512182	55,720526	265,553779	-90,673021	348,179134	-8,199413	552,361367	0,820488	0,962128	0,879404	0,946476	0,879864	0,948851	0,922765	543,592004	262631,248365	36,608214	1037,492645	1096,795888	86,754429	1720040341,299677	0,000000
226,000000	13,683868	7,443856	55,277012	4,548351	107,873757	-6,295933	163,994135	-41,857029	243,328170	5,242554	268,324973	63,579295	249,424904	61,664097	167,035662	397,416172	0,960379	0,875796	0,886545	0,913733	0,957772	0,873124	0,962824	465,133333	239549,603801	36,595794	994,272698	997,803113	90,948914	1720040341,303727	0,000000
227,000000	11,772395	14,882684	39,922843	22,501195	74,484101	14,196847	114,653855	4,325526	202,575970	12,841557	168,542345	44,514347	537,912902	-1,345837	263,985857	-95,817821	0,971738	0,935196	0,907000	0,869609	0,813927	0,884295	1,080916	503,005770	250041,735359	36,601753	921,179171	938,282979	88,149974	1720040341,307708	0,000000
228,000000	10,000000	21,313189	26,279402	47,228469	32,970652	84,122716	38,984872	122,136840	33,053451	169,799513	29,493056	245,987035	100,461358	251,936393	71,176229	284,239765	0,899050	0,848169	0,907829	0,839098	0,833918	0,862202	0,956926	521,511557	255747,582432	36,594094	1055,000803	919,656748	91,330572	1720040341,311707	0,000000
229,000000	8,242715	28,764940	10,633659	73,309978	-2,024314	139,842601	10,099065	151,447737	-52,160002	249,227056	-40,070148	250,698454	-18,108939	245,429930	33,919682	262,985039	0,842168	0,971166	0,888430	0,811180	0,888275	0,800395	1,012303	541,872098	249940,602840	36,603501	972,443255	1010,949445	93,862735	1720040341,315690	0,000000
230,000000	6,460796	35,174003	-0,683386	87,276500	-20,644899	151,776137	-35,868676	144,009366	25,689866	112,877490	132,221645	82,267007	253,909761	-57,877782	266,880222	-177,053359	0,992709	0,976133	0,926266	0,945906	0,877252	0,905821	1,068409	510,176365	255284,841908	36,599209	961,850984	936,608994	86,044167	1720040341,319703	0,000000
231,000000	4,890610	40,934659	-6,308232	98,223039	-3,918486	100,624519	44,842041	63,747277	148,634115	-5,946134	219,859018	-125,727721	331,589857	86,997710	124,234090	273,072677	0,804383	0,853766	0,917951	0,902544	0,805713	0,968439	1,074001	500,300499	253511,279449	36,607148	1086,291324	1094,078151	91,592398	1720040341,323693	0,000000
232,000000	3,490318	42,626715	-11,944312	90,924641	16,750755	51,274143	130,203209	-56,219128	227,001685	28,529665	165,233814	171,615827	47,787950	262,070655	-75,036492	328,630824	0,875787	0,909704	0,953084	0,981798	0,866028	0,894748	1,025425	473,269595	240748,168892	36,594120	1085,440964	969,670817	98,273781	1720040341,327701	0,000000
233,000000	1,846629	49,700779	-12,050696	70,427266	61,078180	-15,431456	149,776688	-37,562954	128,840176	169,193439	19,789778	283,359532	36,926592	136,408984	360,489817	-122,228366	0,834477	0,843139	0,854035	0,935132	0,966501	0,993095	1,005208	544,029367	255004,990431	36,592390	998,815562	970,907898	88,695856	1720040341,331706	0,000000
234,000000	0,749411	50,926860	0,597253	38,600417	107,278064	-29,403088	150,379162	92,003680	6,228334	276,152029	54,339450	75,007804	196,639091	-115,682605	266,019950	229,790891	0,958481	0,916147	0,943736	0,891257	0,872551	0,860231	0,973504	472,711528	244603,847765	36,602586	902,951409	1019,796115	98,099289	1720040341,335700	0,000000
235,000000	-0,520120	49,764876	11,024578	15,872719	115,367340	1,147103	49,709333	207,407969	12,133001	135,551123	219,503764	-119,451374	229,621798	246,394384	-69,080640	220,421846	0,801811	0,898381	0,998102	0,911505	0,955834	0,963201	0,933830	488,031417	255568,402301	36,603534	914,207078	940,311123	80,754231	1720040341,339704	0,000000
236,000000	-1,793649	45,327989	28,919124	-1,048485	126,234856	59,890449	-27,895305	139,700387	93,195744	-24,773071	259,513346	124,615751	-3,411377	247,518984	172,962104	-194,638437	0,977259	0,854189	0,934447	0,921560	0,933749	0,961628	0,957796	459,408081	257862,983708	36,591501	1076,361697	978,594235	86,876950	1720040341,343702	0,000000
237,000000	-2,735983	41,051828	45,118093	-20,601130	81,064242	107,162532	-48,862398	82,508721	258,014781	2,127968	71,635631	240,391728	63,848582	48,221554	306,001642	159,133660	0,858177	0,863172	0,966946	0,820906	0,996027	0,830622	1,002302	499,195883	245281,819623	36,596245	1046,476535	1088,542878	86,863397	1720040341,347722	0,000000
238,000000	-2,922494	34,969926	60,252026	-17,354432	35,346635	129,215762	47,737025	-15,223825	163,287382	169,398437	-56,561746	131,130930	308,018356	-3,310631	78,603981	265,313728	0,857790	0,907829	0,950700	0,859850	0,865090	0,870769	1,078878	503,471117	247853,839413	36,592735	978,627001	1048,731514	93,599666	1720040341,351720	0,000000
239,000000	-4,130951	28,526097	72,637475	2,181650	-11,699888	144,983311	123,055855	-5,143636	42,946438	228,076690	109,683073	-181,167461	150,654146	630,858792	24,053119	82,574571	0,915151	0,916751	0,975142	0,860338	0,916328	0,899909	0,933197	459,999728	252141,619613	36,597089	949,279770	905,567346	81,264854	1720040341,355710	0,000000
240,000000	-4,391142	22,121435	66,145596	34,990612	-24,619445	69,972840	173,902817	68,124199	-58,017966	121,236840	234,454068	194,524500	-135,155879	195,070651	752,518787	154,109049	0,975541	0,987144	0,915280	0,930325	0,867299	0,944566	0,978280	460,565268	238866,826300	36,597680	904,575891	1046,128067	90,154360	1720040341,359718	0,000000
241,000000	-4,750867	14,966256	67,918555	65,244276	-15,667290	24,269594	128,648519	141,747024	30,022203	-80,148238	340,462119	516,147029	109,905434	-98,060418	243,085804	795,086162	0,909640	0,977142	0,883297	0,830849	0,852067	0,894631	0,908719	533,493341	234955,208435	36,600633	1096,730478	927,083204	89,394451	1720040341,363710	0,000000
242,000000	-3,197818	8,152417	64,138016	92,926425	19,876865	-47,897402	66,794015	226,533081	293,206681	-14,125875	-16,425413	150,873026	401,642103	173,830505	-3,707802	-58,190712	0,911822	0,929426	0,830264	0,936238	0,824828	0,851955	1,054034	465,669040	230412,758000	36,596455	1039,405865	1084,423034	95,860647	1720040341,367729	0,000000
243,000000	-3,893300	2,357140	49,036428	103,068420	61,748032	-8,827680	-1,027407	102,599456	495,383482	154,300528	-31,296136	52,083798	136,691032	377,132979	191,556407	91,182219	0,991803	0,914060	0,843769	0,839009	0,825258	0,814252	1,045565	521,201332	237045,081716	36,601959	1061,238207	1030,313161	93,103349	1720040341,371724	0,000000
244,000000	-2,969241	-0,590406	35,546817	103,370223	109,180653	37,329184	-47,209947	-24,659198	262,272331	287,459868	196,570824	43,051642	14,067061	87,274755	285,957552	281,040038	0,920852	0,837243	0,987249	0,958979	0,957303	0,868898	1,002391	468,253899	229804,385810	36,593393	950,659670	1011,806842	92,800936	1720040341,375720	0,000000
245,000000	-1,759702	-5,921105	21,624745	74,697666	133,949054	95,637130	52,764037	-70,180993	3,629376	127,326402	217,586258	209,340519	149,405658	80,146491	-25,261676	33,730769	0,942397	0,921114	0,808961	0,867564	0,981736	0,857457	1,092827	461,748071	238873,201973	36,596576	953,790033	1028,239037	83,036457	1720040341,379732	0,000000
246,000000	-1,143542	-9,270525	3,462877	51,599971	115,876526	148,912020	240,841784	49,103216	-45,011609	-35,583555	72,806619	221,874810	714,846870	343,683336	166,930265	-1,120663	0,950774	0,872251	0,853006	0,958588	0,815238	0,997676	0,936506	516,922868	243497,251920	36,604667	975,669693	942,531309	84,195544	1720040341,383735	0,000000
247,000000	0,380996	-6,892176	-2,605385	22,084710	84,490925	141,627550	168,948308	339,730810	76,598906	-6,119073	-102,706546	46,869636	195,749871	249,662352	265,412146	504,771029	0,879980	0,863084	0,962920	0,865022	0,955336	0,880333	1,068808	490,353986	261376,203147	36,590982	928,812748	1031,801599	91,899849	1720040341,387743	0,000000
248,000000	2,049612	-7,456987	-9,937481	7,171242	33,781579	91,351220	171,788379	423,517868	194,272720	190,758440	80,867444	75,593765	-76,453327	56,065480	111,398080	149,377649	0,861077	0,951426	0,930156	0,866054	0,862787	0,828956	1,046327	522,503977	254084,877544	36,597308	1014,231930	945,317137	91,525549	1720040341,391738	0,000000
249,000000	2,982064	-2,336355	-17,627724	-10,647627	-12,476284	28,253137	80,064819	252,232740	226,746396	483,109068	247,799188	265,376540	222,155563	108,575776	81,327764	115,260289	0,894993	0,923773	0,857321	0,829338	0,858051	0,965902	1,011553	541,195756	250998,228852	36,601604	1044,925575	1077,247139	81,236821	1720040341,395734	0,000000
250,000000	4,676473	0,141962	-10,121238	-8,650135	-21,457757	-35,778349	-7,101763	24,259602	67,770892	257,114340	181,354684	214,060844	267,837099	468,761793	391,352860	436,983974	0,916784	0,970834	0,936048	0,863221	0,844152	0,870506	1,007614	515,013578	255880,092261	36,606795	1064,929221	1086,567738	92,707858	1720040341,399735	0,000000
251,000000	6,336072	7,745395	0,327518	0,636862	-15,836485	-30,310154	-40,727356	-71,792919	-35,827884	-16,829126	-68,672653	-21,848203	60,113785	80,679152	126,392813	181,360354	0,964194	0,981204	0,945376	0,962172	0,888996	0,813506	0,958433	460,524149	234366,721220	36,596649	922,178690	921,371203	81,044242	1720040341,403735	0,000000
252,000000	8,151896	14,669185	19,993529	16,828245	24,832373	20,515328	17,247377	32,867002	21,442089	24,371370	-27,719220	-6,722579	65,444917	-20,807363	-62,195412	-181,237833	0,924109	0,919224	0,910707	0,909053	0,850850	0,947369	0,976705	488,347633	278319,719368	36,600123	911,123746	1019,764325	80,543294	1720040341,407737	0,000000
253,000000	10,000000	21,335326	34,512167	49,681135	63,631308	80,662043	97,578984	109,219687	130,064091	169,786998	179,494617	251,615106	295,798367	209,603058	362,703062	429,506190	0,947676	0,906202	0,830555	0,842982	0,849082	0,983186	1,004216	474,422981	268911,306728	36,593398	1095,069722	995,300245	80,487495	1720040341,411745	0,000000
254,000000	11,740938	28,664413	47,561067	76,348436	94,575653	117,928739	183,408949	193,640567	195,654287	269,341873	292,186030	285,727937	215,051000	540,211057	211,409925	522,888652	0,833721	0,906807	0,882537	0,966860	0,925293	0,834120	1,006368	527,983766	241739,750154	36,600540	1065,728071	1060,981632	85,156578	1720040341,415743	0,000000
255,000000	13,495248	34,050347	61,251229	91,123656	123,926731	150,219394	135,920670	132,507498	147,891823	131,941457	96,731906	10,475369	-1,658125	-154,917246	-126,576674	-12,359445	0,897795	0,955558	0,804057	0,839713	0,848084	0,972760	0,985202	498,979531	254503,900729	36,605313	1031,182825	1008,961321	97,370399	1720040341,419747	0,000000
0,000000	15,383052	40,492047	70,817151	87,619376	99,893107	107,870947	173,813550	117,326211	-3,858081	-9,455222	-143,539436	6,129359	-25,498680	178,125936	332,062927	439,312282	0,806073	0,926646	0,931996	0,881566	0,925651	0,854902	0,978675	538,061932	273582,466555	36,592786	976,715964	1004,936018	81,828654	1720040341,423401	0,000000
1,000000	16,570338	46,318826	72,055193	90,057775	80,599395	49,213247	21,967122	-9,166172	-68,229824	-41,962893	174,490180	383,476839	584,706686	678,466025	535,112648	551,064593	0,968884	0,978128	0,833766	0,804712	0,949095	0,892809	1,038332	530,549374	241491,064944	36,591080	909,924166	925,775244	93,634092	1720040341,427866	0,000000
2,000000	18,629342	46,587658	63,679176	65,946912	37,539655	12,817439	-48,991684	-18,118979	67,683364	158,312297	199,721902	195,594152	206,578195	135,177870	108,221404	-146,479667	0,892547	0,943058	0,945753	0,823421	0,963670	0,879136	1,042417	490,413377	244271,375327	36,609509	1027,419329	1009,029980	89,654259	1720040341,431592	0,000000
3,000000	19,755545	50,741904	57,337012	38,534411	5,265525	-33,571029	10,450610	90,305997	199,454054	180,526736	220,218748	82,290276	-112,689635	-59,043458	-30,555299	211,794491	0,810708	0,915050	0,863539	0,819325	0,853100	0,847873	0,932564	508,493226	275305,098506	36,591906	913,702675	944,057826	96,006048	1720040341,435906	0,000000
4,000000	20,957218	50,055808	45,854254	10,811672	-33,731369	-4,678956	84,309240	147,496059	249,631522	117,265787	-9,693443	-77,935855	61,846403	188,832751	250,459438	400,734304	0,933047	0,894830	0,816883	0,843428	0,843439	0,955043	0,975433	511,596315	276660,604727	36,594729	1088,330932	924,504567	90,496312	1720040341,439769	0,000000
5,000000	22,238460	45,323431	30,964162	-9,357754	-15,767640	59,855657	144,892289	207,836345	87,801400	-2,969916	2,602653	124,729967	259,656510	211,401649	144,110768	4,364951	0,842823	0,833635	0,822396	0,880386	0,956374	0,834210	1,097208	474,064585	263496,191465	36,601794	900,671409	1044,805097	94,283060	1720040341,443776	0,000000
6,000000	22,579541	38,802051	15,608996	-20,785268	21,554078	124,127411	159,034161	84,189285	-5,309507	41,364006	167,255660	246,474917	179,415576	-57,637696	80,156005	159,455084	0,970955	0,847417	0,897600	0,863609	0,839220	0,901728	1,003648	479,575621	264635,058624	36,590985	1055,655249	999,887470	92,377171	1720040341,447741	0,000000
7,000000	23,174439	34,071878	1,008534	-3,155254	66,438925	149,193170	91,634228	-9,246367	-34,052535	146,122090	231,114044	137,655383	-150,053591	-50,280453	184,477085	393,304835	0,831326	0,842571	0,853669	0,866848	0,885372	0,892341	0,911822	470,057811	259062,462053	36,605843	1095,687454	1050,701729	94,544054	1720040341,451771	0,000000
8,000000	23,505557	29,467974	-11,876020	13,813029	96,674919	133,758038	0,027471	-0,966841	126,118355	278,362420	110,372568	-102,990302	83,972054	411,517131	225,949754	112,900984	0,977743	0,885395	0,881797	0,948706	0,844836	0,854251	0,904283	494,349083	259240,438391	36,591444	950,856509	991,447076	82,613946	1720040341,455418	0,000000
9,000000	23,732613	21,968403	-12,984455	35,124790	120,680880	69,395212	-32,986236	59,194949	188,769076	121,732784	-122,952843	76,460695	256,520658	203,908559	-60,826562	127,115925	0,911378	0,802863	0,862775	0,971264	0,823900	0,835597	1,034225	467,914778	251030,012657	36,598645	1019,745059	1026,158132	87,750524	1720040341,459758	0,000000
10,000000	24,309120	14,868883	-5,937278	61,906371	124,890330	-2,760202	11,144444	182,313080	135,676855	-54,468128	48,108755	255,051895	159,259338	-113,859606	161,699899	480,729205	0,985744	0,896144	0,997659	0,824279	0,905602	0,812249	1,039889	464,382552	274291,136806	36,603424	1085,215723	971,491176	80,949312	1720040341,463797	0,000000
11,000000	24,229402	7,137747	1,083686	92,334249	81,346252	-47,298707	73,874584	171,965513	51,403070	41,512342	279,704622	207,007434	-0,298843	174,550500	409,502108	103,171880	0,826364	0,877309	0,866567	0,949565	0,946248	0,891433	0,979892	524,117722	272158,680031	36,603422	981,041614	1069,122411	82,271946	1720040341,467681	0,000000
12,000000	22,798887	2,826283	7,746909	92,227989	34,901068	-18,693177	139,574851	118,639510	-84,935785	162,429532	219,254654	-104,259016	124,466921	396,513026	86,693254	4,261791	0,877409	0,898468	0,905836	0,986891	0,927804	0,969581	0,935702	489,167042	255410,221783	36,591379	912,027780	963,515269	86,109811	1720040341,471387	0,000000
13,000000	22,366905	-3,702396	22,684858	90,650042	-0,081725	45,137786	133,165978	11,197863	57,336378	173,094894	30,974656	1,679283	337,198611	-3,156097	110,063899	340,899152	0,930253	0,939218	0,856525	0,800595	0,883190	0,912102	0,976637	484,183779	236967,113734	36,605003	905,480704	1061,917272	84,705915	1720040341,475592	0,000000
14,000000	21,580078	-8,539947	40,848488	77,431628	-34,677021	112,926068	112,883396	-62,068792	194,720975	128,324237	-15,241684	222,472457	102,985489	70,248586	475,187389	158,144752	0,852148	0,876519	0,898402	0,977418	0,837418	0,892373	1,030392	467,522737	258070,957911	36,608320	1002,025533	1066,966601	89,794548	1720040341,479788	0,000000
15,000000	20,804655	-9,158153	52,190623	50,334507	-5,308686	157,564369	32,242013	51,074849	243,394525	-54,752268	157,705901	245,831156	-62,059740	307,698140	268,639952	103,599780	0,954451	0,977876	0,994920	0,854910	0,892121	0,806123	1,059458	499,694395	250788,827700	36,609556	1036,575812	991,705020	81,886481	1720040341,483787	0,000000
16,000000	19,589462	-5,714065	61,853368	24,440596	17,652636	123,361029	-38,627252	153,346777	105,518407	33,664627	291,735393	-74,781832	165,268557	523,642128	-64,124562	731,252680	0,917178	0,910576	0,810862	0,894297	0,994316	0,915167	0,955953	493,908324	264654,339132	36,601789	986,181683	902,502583	84,831043	1720040341,487798	0,000000
17,000000	18,520488	-4,059433	73,287149	0,438122	65,605606	93,201365	-36,596337	205,982928	-0,744020	161,708865	134,460014	62,788902	371,100652	35,968203	636,236202	133,561796	0,865439	0,809608	0,806194	0,987362	0,943149	0,819524	1,067809	452,359603	233362,653200	36,599556	954,756415	1094,344417	84,168044	1720040341,491787	0,000000
18,000000	16,607840	-4,067267	73,723286	-23,948185	90,862167	30,528195	60,527699	143,283135	-6,453243	283,802794	-52,850108	307,932121	120,216135	241,168763	195,402776	30,086242	0,874204	0,862516	0,811908	0,963780	0,858463	0,950220	1,007656	479,006562	266572,681372	36,598336	964,431121	948,531977	92,651342	1720040341,495756	0,000000
19,000000	15,265010	0,920415	61,871227	-18,650094	132,793656	-19,365737	161,625822	45,329411	113,929874	131,416469	45,248574	410,432227	-161,100522	251,643734	-114,485378	285,863495	0,937025	0,954318	0,997112	0,882546	0,897703	0,872678	1,087084	520,336805	230625,324584	36,608175	999,240785	948,513072	81,163315	1720040341,499112	0,000000
20,000000	13,497229	8,144801	59,641998	-0,608477	122,561685	-11,088142	164,831006	-58,335641	258,752108	11,427791	231,138399	24,965899	440,549754	107,051209	159,788008	195,797931	0,861945	0,986490	0,870597	0,853699	0,896341	0,824767	1,070815	513,719676	255659,953573	36,599983	1063,042670	902,356403	92,432389	1720040341,503933	0,000000
21,000000	11,789741	13,893471	40,147585	21,437958	83,197548	16,743079	138,747727	13,665475	206,136545	47,679962	500,247838	-60,265045	201,796160	-60,695391	355,943817	41,302665	0,992052	0,968147	0,933271	0,840884	0,822561	0,809721	0,915383	454,743750	270331,747140	36,598112	1081,864984	1034,159057	82,070985	1720040341,507755	0,000000
22,000000	10,000000	21,492777	26,091614	49,141044	36,186469	83,500952	33,409096	130,525794	26,292590	169,717496	113,720133	253,563849	-26,388124	265,314572	101,352987	354,968355	0,942089	0,842529	0,846402	0,957330	0,986937	0,805357	1,093561	472,741561	255540,852567	36,599459	1025,823747	1067,491285	94,703053	1720040341,511801	0,000000
23,000000	8,212472	29,159064	11,358477	76,761891	-12,523949	151,943906	-50,469810	156,626085	-90,542518	171,813535	-101,042719	348,561817	14,586438	311,097256	80,646163	263,984315	0,979268	0,818339	0,989035	0,973016	0,812264	0,961733	0,971495	471,732845	254638,194544	36,599433	989,990044	1072,665007	97,967473	1720040341,515795	0,000000
24,000000	6,547856	35,042235	-2,100800	90,390479	-29,718859	135,871284	-41,108344	142,172377	22,803536	242,244394	137,646259	59,171297	185,997121	-97,240888	486,298810	28,324726	0,943250	0,985620	0,887152	0,912486	0,828700	0,839429	1,098402	512,313198	244663,433733	36,593048	982,828040	918,468484	98,126219	1720040341,519439	0,000000
25,000000	4,861373	40,528152	-10,237539	90,723912	-17,843348	102,099888	44,994046	47,010527	196,648882	-27,295207	230,937820	-74,484860	269,390223	89,936890	141,189384	271,426217	0,949610	0,898049	0,886214	0,948815	0,809965	0,830256	1,078524	508,323136	274746,900293	36,606281	930,646960	904,487024	96,474035	1720040341,523903	0,000000
26,000000	2,991434	46,606604	-7,657155	82,811969	13,492900	51,495021	144,022565	7,740391	474,897809	-26,041184	148,770072	145,141617	28,056768	213,788301	-179,921416	207,107786	0,856306	0,899154	0,899751	0,932633	0,826109	0,860420	0,936307	542,735352	252267,639394	36,605016	903,300687	924,771699	93,694789	1720040341,527774	0,000000
27,000000	1,662409	45,525853	-4,205646	69,745663	65,198862	9,476422	145,875180	-27,756591	242,040689	168,967642	-39,298558	220,200720	-37,997641	133,922454	230,388641	-132,015995	0,907528	0,889294	0,939079	0,990320	0,860328	0,888775	0,967894	533,408109	237409,345210	36,597054	955,942110	968,942113	91,462085	1720040341,531792	0,000000
28,000000	0,415253	47,109265	-3,779412	38,552301	111,807635	-12,468191	153,771255	95,081093	16,905120	206,287302	1,830562	94,086150	311,391165	-6,218061	329,833697	204,875439	0,849100	0,901058	0,837876	0,847615	0,990030	0,962883	1,068948	515,829691	236975,045815	36,594325	906,375525	979,243532	97,491142	1720040341,535788	0,000000
29,000000	-1,069051	49,474050	13,228031	10,264306	113,810172	-12,866122	47,109667	151,008379	-50,498683	134,409028	222,752050	-11,407969	191,547201	221,692258	70,781176	749,499570	0,825273	0,831821	0,964093	0,815064	0,958257	0,976236	0,967197	450,970625	237768,684296	36,609095	903,451948	1021,133072	86,178919	1720040341,539794	0,000000
30,000000	-1,594662	45,183591	28,764255	-13,304116	98,672088	59,902860	-16,864993	374,032258	91,945714	-73,912534	273,898440	131,658121	31,112942	395,032922	157,848789	-212,534471	0,848902	0,858823	0,902534	0,806757	0,830643	0,826719	0,977050	465,905840	267688,643568	36,597620	1037,819928	1015,456496	84,880482	1720040341,543830	0,000000
31,000000	-2,189759	40,301189	45,856065	-17,393589	72,602867	113,898513	-47,392733	153,432198	249,187416	14,103108	83,390940	245,300489	56,682723	50,854730	708,363447	341,709542	0,831211	0,961271	0,862423	0,956505	0,998676	0,822904	1,066946	504,934362	242875,977722	36,604231	907,760935	996,957505	92,056623	1720040341,547812	0,000000
32,000000	-4,024466	34,148484	58,257571	-7,865361	38,235159	153,695082	29,416795	-23,759713	216,414863	172,624634	8,380516	132,694625	323,042977	79,750539	11,708154	205,706254	0,913269	0,902009	0,887728	0,875347	0,921719	0,940917	1,059775	450,876610	264824,107309	36,591704	970,340883	973,244423	88,434073	1720040341,551776	0,000000
33,000000	-3,872898	29,630822	63,629864	2,369132	3,487557	112,242251	129,068820	-14,208938	58,722590	214,264040	109,618066	-58,307836	156,662051	612,273001	113,451260	-8,854475	0,975245	0,842170	0,872231	0,805038	0,986038	0,861087	1,006645	541,017042	233285,058441	36,606757	952,322744	1055,273898	82,606560	1720040341,555801	0,000000
34,000000	-4,489446	22,094924	76,963652	33,311430	-16,181002	71,036081	391,442661	62,759077	-23,598089	129,313215	244,099704	80,126934	6,840928	372,666737	214,130819	68,135002	0,974026	0,924492	0,987621	0,892133	0,953079	0,879922	1,036053	505,559925	230683,663612	36,594821	1016,589008	1025,769368	96,707132	1720040341,559938	0,000000
35,000000	-3,920052	15,420264	66,092000	60,694064	-3,976485	-1,051060	282,197931	150,963432	15,542850	-13,621818	176,105527	351,066174	88,627094	-241,409063	142,676914	437,426693	0,991307	0,987042	0,914162	0,984858	0,869912	0,887420	0,950874	538,617959	233296,462724	36,605298	1086,664015	963,037360	93,770146	1720040341,563968	0,000000
36,000000	-3,302802	8,644002	62,165842	85,915541	24,028822	-6,335914	138,449638	211,580172	177,101077	22,836818	-35,084663	188,877380	269,655610	154,669023	-74,761257	112,987389	0,907546	0,865422	0,826162	0,934497	0,952787	0,880372	0,910759	545,884639	272793,060155	36,600777	1086,357132	1071,676929	93,916645	1720040341,567803	0,000000
37,000000	-3,798397	2,862439	51,966664	94,681059	60,669605	-32,253732	-35,297326	113,392148	174,966981	161,988924	-39,282012	12,184885	291,942666	309,911711	254,810038	84,619659	0,829493	0,945714	0,951570	0,816219	0,887533	0,832969	1,053541	471,165936	247727,785170	36,607433	981,103190	1061,339331	83,579605	1720040341,571830	0,000000
38,000000	-3,022738	-3,831900	37,005143	101,378518	93,731049	38,081060	-14,433859	-3,637229	139,505239	238,059437	207,036076	79,294239	-200,126951	87,143306	219,151238	300,395566	0,954374	0,905299	0,840905	0,943162	0,850832	0,838752	1,082757	453,035729	262937,534954	36,606867	1020,552974	1009,155253	97,006277	1720040341,575825	0,000000
39,000000	-1,426319	-4,434554	20,539996	72,201268	131,864055	111,242754	15,051327	-60,759665	-32,310048	117,032627	261,147272	511,199758	318,373472	25,019806	-170,176090	93,209746	0,905295	0,976943	0,837073	0,888801	0,948657	0,983173	1,056993	461,544065	238524,071342	36,606945	1069,405997	1044,106630	86,577401	1720040341,579832	0,000000
40,000000	-0,667581	-5,816914	6,351582	54,567361	123,536168	163,881319	97,156092	44,333336	-7,540218	-36,493889	71,057288	414,567993	396,371816	347,224430	163,718566	118,433241	0,804103	0,940290	0,973964	0,971161	0,978705	0,914634	0,939657	469,546652	269193,293911	36,592454	1037,483550	1040,256953	88,921871	1720040341,583470	0,000000
41,000000	-0,071180	-6,589690	-9,149187	22,691710	76,503315	117,621147	196,692654	127,886225	72,823365	-16,149401	-12,448628	-91,049356	91,033749	187,762391	239,222018	313,005335	0,814119	0,981821	0,802032	0,813141	0,993906	0,930078	1,082483	494,687719	257953,704017	36,593936	1043,295433	946,261314	82,479985	1720040341,587599	0,000000
42,000000	2,012474	-4,384514	-15,976776	-3,891626	33,895544	95,641500	166,272804	219,505239	220,453623	144,825606	83,710126	10,590092	39,843066	-163,254138	10,839127	112,317305	0,877473	0,918239	0,978854	0,960960	0,845678	0,896475	1,067791	460,242217	267949,147126	36,594138	909,416894	1045,561047	83,450130	1720040341,591896	0,000000
43,000000	3,307882	-4,465983	-9,225115	-11,100676	-5,440223	23,145062	79,017404	159,454562	201,173961	302,239624	531,807397	203,045018	191,245660	117,205640	-41,706984	109,949415	0,839754	0,893061	0,991375	0,875431	0,835847	0,870909	1,086232	515,060867	244623,737572	36,605757	1030,347225	992,642293	84,549972	1720040341,595812	0,000000
44,000000	4,535933	2,591388	-8,648665	-20,291772	-20,996254	0,661501	-5,627012	34,082958	64,841540	136,757948	365,757947	253,586983	195,047075	349,014879	205,710861	699,792261	0,902369	0,989165	0,896615	0,960903	0,814073	0,978952	0,976535	537,211257	277002,390345	36,602221	1011,889938	1095,179321	92,362509	1720040341,599846	0,000000
45,000000	6,543116	7,122960	4,352569	-9,912191	3,169205	-11,144081	-39,813162	-22,861286	-26,450298	-55,112727	-5,224797	21,149817	65,880978	119,424663	132,802689	389,103749	0,980849	0,969663	0,851465	0,953696	0,962196	0,803089	1,092255	497,439584	243515,500742	36,602620	954,717076	992,910560	97,713115	1720040341,603827	0,000000
46,000000	8,224197	14,697255	19,963047	22,811847	25,792358	17,970394	-0,565783	3,199544	-18,254854	-24,294053	-12,501980	-84,197732	10,368991	59,954513	58,586360	-130,138469	0,915625	0,881146	0,935242	0,982706	0,889760	0,900458	0,940289	541,886851	262487,011862	36,596688	1093,131621	1094,053754	90,814946	1720040341,607171	0,000000
47,000000	10,000000	21,514963	34,501416	46,979413	63,115950	87,144693	101,178020	127,454163	140,754444	136,949547	217,986046	189,096831	242,713411	303,364289	443,863861	364,395941	0,860785	0,837831	0,947912	0,827492	0,806646	0,911430	1,057662	543,249512	239426,274144	36,596916	1033,392138	1015,235464	82,880899	1720040341,611121	0,000000
48,000000	11,860509	27,949437	51,360491	70,840054	108,860623	138,071727	177,660952	166,839682	229,982590	229,019699	270,224575	326,968889	254,137149	299,209253	490,606592	280,257910	0,932928	0,811870	0,957171	0,826619	0,861651	0,979154	1,092335	497,652573	254241,054884	36,605285	981,470114	956,401445	93,727169	1720040341,615469	0,000000
49,000000	13,437107	33,897726	61,687144	87,538424	131,096954	137,079738	139,933941	156,280235	142,359420	260,136680	91,161888	50,465810	21,029065	20,921416	-10,182732	84,923753	0,876232	0,876045	0,850664	0,979961	0,837137	0,844427	0,927564	537,281382	277521,737215	36,607444	980,939571	1008,915555	99,731434	1720040341,619581	0,000000
50,000000	15,197241	41,807725	65,025603	106,836223	110,080701	105,192658	87,823216	50,412705	38,184096	10,409237	-129,326297	17,763534	75,178987	149,231156	161,122017	330,354082	0,909704	0,934795	0,834676	0,958954	0,816368	0,866908	0,964292	453,266421	262158,223261	36,607490	1051,338444	1049,630910	98,914812	1720040341,623311	0,000000
51,000000	16,887924	43,657199	76,123291	95,322120	76,004941	50,042854	7,286193	-4,612831	-85,217207	26,525712	83,224659	146,456759	188,810195	579,666879	370,876394	316,099522	0,852265	0,806733	0,876500	0,909206	0,815556	0,979365	0,962950	529,638928	228884,599077	36,605636	1027,738695	998,684713	88,453711	1720040341,627216	0,000000
52,000000	18,326551	45,576201	66,119907	70,501526	32,930015	4,939068	-44,705521	-18,937167	58,213791	156,251570	173,574011	380,745170	200,417682	259,251830	-88,430861	6,259041	0,984785	0,874068	0,843327	0,810240	0,995773	0,950176	0,947316	450,848101	239397,664272	36,597063	956,438365	931,550969	97,833423	1720040341,631856	0,000000
53,000000	19,956593	47,564933	63,368871	38,825004	-12,330923	-13,054755	24,983490	91,315360	408,470260	173,068633	226,704935	93,011210	-65,433903	69,715015	-17,144979	247,662178	0,987007	0,888731	0,918834	0,882852	0,805347	0,811023	1,075617	503,021810	237647,901948	36,594129	1013,518047	900,092013	96,713678	1720040341,635567	0,000000
54,000000	20,926807	48,382432	45,172718	6,821171	-7,444977	8,653653	91,349636	187,964799	438,019529	130,884350	49,388403	-38,085333	22,003488	229,089582	341,531292	221,978783	0,829284	0,900861	0,918155	0,823198	0,863559	0,979472	1,000638	502,572996	237235,488963	36,601199	930,041359	1011,372745	92,337593	1720040341,639947	0,000000
55,000000	21,354873	47,442809	30,995306	-15,702929	-3,154320	59,902941	185,967993	162,118503	181,815734	3,245464	-17,904945	124,709675	341,523159	308,608420	129,160650	54,508688	0,820071	0,885534	0,967733	0,965959	0,838194	0,857242	0,980488	531,118825	264266,109065	36,593439	1078,523876	1098,647918	98,007270	1720040341,643856	0,000000
56,000000	22,899333	42,216856	15,055099	-6,245625	25,045552	111,515990	144,167996	82,592339	-50,457811	30,023245	160,666040	246,626573	344,397437	82,145800	-83,275986	158,405577	0,842272	0,803922	0,892416	0,807301	0,923551	0,829004	0,981593	472,150475	241586,962265	36,600495	921,286575	903,810551	83,831383	1720040341,647868	0,000000
57,000000	24,021458	36,021786	3,469980	-9,561359	62,813704	154,032898	103,869168	-2,951202	-4,812587	137,634659	337,303044	128,888916	-85,291986	-49,770142	245,044074	373,084299	0,966112	0,940377	0,934545	0,976297	0,835222	0,915639	1,094712	507,973646	254300,375657	36,598356	984,623022	934,327364	97,758164	1720040341,653871	0,000000
58,000000	23,727399	28,540396	-5,418772	6,173679	100,748412	113,202206	16,734072	-5,860273	128,888892	204,688325	110,589759	-2,470574	152,978469	362,173301	190,881626	-2,490298	0,984602	0,821764	0,994048	0,933437	0,950301	0,879153	0,903645	531,130334	255260,454733	36,597370	995,562676	994,359114	97,499004	1720040341,655357	0,000000
59,000000	24,296726	22,153589	-17,231997	33,398679	125,464016	71,100721	-56,452267	65,707214	186,720485	137,304467	-88,009307	152,479204	424,299782	172,463889	-180,705079	245,453460	0,889256	0,950508	0,849525	0,807351	0,890668	0,928195	0,970273	483,990882	264722,840441	36,593803	924,168710	1018,662949	98,569054	1720040341,659989	0,000000
60,000000	24,323862	15,077944	-6,003110	59,128684	110,654826	5,075302	-18,639714	170,020347	173,436236	-21,747196	67,513080	570,755630	156,859852	-41,423966	172,828219	675,251262	0,865548	0,973387	0,853723	0,917256	0,842082	0,887138	1,029251	544,070763	262555,300017	36,608756	1021,396996	982,901691	81,174423	1720040341,663824	0,000000
61,000000	23,577258	9,361684	-6,228674	76,224003	84,637275	-38,551584	75,384189	382,420372	21,228263	32,724083	265,928033	344,978368	-83,643377	156,337742	309,707537	77,173119	0,852777	0,850933	0,829481	0,867340	0,894143	0,818220	0,985593	508,193091	230086,588412	36,608949	1006,702815	1011,874565	94,476916	1720040341,667864	0,000000
62,000000	23,706566	0,611259	7,038447	98,412066	33,864565	-11,499995	138,607262	191,240739	-30,500144	176,413808	240,076195	53,551109	127,622122	386,713739	16,298007	-6,681985	0,918702	0,890723	0,869242	0,971868	0,980622	0,820860	0,962463	534,433789	260232,280462	36,592462	924,646846	915,910921	83,437492	1720040341,671873	0,000000
63,000000	23,287568	-1,496589	23,600029	89,710115	-9,198859	39,243479	138,379368	12,545729	59,130957	282,492207	5,320858	62,810295	317,760177	47,512218	-10,700793	528,392049	0,818024	0,907977	0,911842	0,943457	0,984664	0,989818	1,075437	492,703003	243434,933163	36,601408	1032,649194	928,841481	90,492624	1720040341,675894	0,000000
64,000000	22,094911	-6,172894	40,254527	75,731100	-28,327709	106,897613	102,730814	-2,922385	201,783566	116,166020	-8,850792	237,211459	104,203050	40,938549	784,052644	117,006172	0,997907	0,997561	0,939136	0,983485	0,975773	0,877821	1,021330	534,801974	241050,684503	36,595981	1087,443709	1008,400280	88,379114	1720040341,679890	0,000000
65,000000	21,155710	-5,943650	52,197418	54,575477	-18,109355	117,964521	35,730057	42,281532	183,854959	23,069801	305,493888	228,920010	-2,075591	292,979506	254,640285	59,740629	0,890974	0,842075	0,947436	0,915635	0,807713	0,886551	1,040695	473,574600	258097,294988	36,602286	999,204833	1048,745524	98,843774	1720040341,683900	0,000000
66,000000	19,320554	-6,369173	69,705388	27,273866	15,755167	127,940807	-37,256597	167,895415	98,095750	48,144233	456,783597	-11,661055	151,934275	266,433930	-19,320082	477,255956	0,887866	0,839381	0,962798	0,810943	0,828135	0,929021	1,077331	508,486456	272492,534833	36,597456	1092,647009	900,715653	83,689592	1720040341,687869	0,000000
67,000000	18,151488	-3,904727	76,476118	2,477963	62,249026	92,016096	-13,861256	214,295397	-50,376748	135,507266	255,546106	-34,476783	370,149667	15,623999	327,297273	149,160958	0,911075	0,938108	0,818880	0,866697	0,871686	0,971797	0,905097	508,348885	248264,462658	36,598581	949,538669	993,323821	96,922869	1720040341,691860	0,000000
68,000000	16,926595	-4,592392	73,653926	-15,062747	93,940416	31,291663	61,188320	157,781894	-19,547169	283,015723	-98,098841	214,716302	95,710883	228,970106	228,585692	-147,558966	0,822328	0,933630	0,921595	0,980783	0,876815	0,938142	1,043001	460,916969	272502,079887	36,593434	1055,563735	989,961657	99,900868	1720040341,695909	0,000000
69,000000	15,389743	3,002478	67,310277	-4,832415	133,885094	-14,041716	284,896506	33,804231	109,250802	115,447899	40,765665	272,189914	14,333143	722,563193	-34,253914	320,021710	0,831511	0,867343	0,851992	0,952778	0,951517	0,985040	0,953385	467,006128	232629,489352	36,599254	917,083834	1074,577445	86,708566	1720040341,699895	0,000000
70,000000	13,621731	7,366140	57,462375	-0,118633	110,215707	-42,814112	312,022910	-69,757018	258,018078	-44,750126	230,802834	2,608679	209,670521	74,439914	173,324203	179,318622	0,801786	0,963366	0,991997	0,813176	0,858433	0,929218	0,937586	483,882695	244665,248166	36,603456	964,705628	1048,935313	81,211448	1720040341,703889	0,000000
71,000000	11,765913	14,776247	42,304696	18,334123	84,980625	8,106080	231,690853	-11,369662	185,095337	-46,007757	191,032279	-60,364227	207,228649	-69,335867	341,941201	40,690711	0,870076	0,968579	0,902088	0,801565	0,892113	0,936407	0,988280	488,127862	272497,793543	36,597680	990,831907	1009,067712	85,137156	1720040341,707938	0,000000
72,000000	10,000000	21,408759	25,323594	48,015425	38,778295	76,199834	43,486601	120,815288	33,428426	131,407916	5,751803	259,596903	22,718392	342,125495	101,111906	224,281645	0,888078	0,927595	0,826877	0,913387	0,905701	0,979486	0,990527	503,188326	236002,590705	36,594977	1096,456157	993,299348	97,102619	1720040341,711890	0,000000
